{
  "instance": "nurse_instance1_softreq_8nurses",
  "seed": 48,
  "K": 15,
  "rows": [
    {
      "pct": 40,
      "baseline": [
        141,
        128,
        127,
        118,
        216,
        188,
        266,
        151,
        170,
        132,
        58,
        326,
        198,
        335,
        304
      ],
      "staged": [
        9,
        6,
        9,
        10,
        6,
        7,
        10,
        9,
        8,
        10,
        12,
        5,
        3,
        7,
        5
      ],
      "baseline_mean": 190.53333333333333,
      "baseline_std": 80.47348769764004,
      "baseline_min": 58,
      "baseline_max": 335,
      "staged_mean": 7.733333333333333,
      "staged_std": 2.3513589451397863,
      "staged_min": 3,
      "staged_max": 12
    },
    {
      "pct": 50,
      "baseline": [
        166,
        515,
        126,
        153,
        164,
        150,
        141,
        137,
        184,
        227,
        106,
        159,
        181,
        113,
        255
      ],
      "staged": [
        9,
        7,
        9,
        6,
        7,
        9,
        8,
        7,
        9,
        6,
        8,
        8,
        7,
        6,
        5
      ],
      "baseline_mean": 185.13333333333333,
      "baseline_std": 96.07418429988823,
      "baseline_min": 106,
      "baseline_max": 515,
      "staged_mean": 7.4,
      "staged_std": 1.254325848148452,
      "staged_min": 5,
      "staged_max": 9
    },
    {
      "pct": 60,
      "baseline": [
        51,
        32,
        6,
        27,
        22,
        37,
        17,
        7,
        6,
        18,
        16,
        7,
        18,
        18,
        6
      ],
      "staged": [
        2,
        4,
        4,
        1,
        2,
        1,
        1,
        3,
        3,
        1,
        1,
        3,
        2,
        1,
        2
      ],
      "baseline_mean": 19.2,
      "baseline_std": 12.650164689310044,
      "baseline_min": 6,
      "baseline_max": 51,
      "staged_mean": 2.066666666666667,
      "staged_std": 1.0624918300339485,
      "staged_min": 1,
      "staged_max": 4
    },
    {
      "pct": 70,
      "baseline": [
        25,
        33,
        18,
        6,
        19,
        6,
        48,
        16,
        6,
        6,
        6,
        6,
        6,
        26,
        19
      ],
      "staged": [
        3,
        1,
        3,
        2,
        1,
        3,
        1,
        2,
        2,
        1,
        1,
        1,
        2,
        1,
        2
      ],
      "baseline_mean": 16.4,
      "baseline_std": 12.147976511885975,
      "baseline_min": 6,
      "baseline_max": 48,
      "staged_mean": 1.7333333333333334,
      "staged_std": 0.771722460186015,
      "staged_min": 1,
      "staged_max": 3
    },
    {
      "pct": 80,
      "baseline": [
        6,
        16,
        6,
        6,
        6,
        22,
        6,
        6,
        6,
        7,
        6,
        17,
        6,
        15,
        22
      ],
      "staged": [
        4,
        2,
        1,
        3,
        3,
        1,
        1,
        2,
        6,
        3,
        3,
        1,
        3,
        2,
        3
      ],
      "baseline_mean": 10.2,
      "baseline_std": 6.057502235520292,
      "baseline_min": 6,
      "baseline_max": 22,
      "staged_mean": 2.533333333333333,
      "staged_std": 1.3097921802925667,
      "staged_min": 1,
      "staged_max": 6
    },
    {
      "pct": 90,
      "baseline": [
        4,
        4,
        4,
        4,
        4,
        4,
        4,
        4,
        4,
        4,
        4,
        4,
        4,
        4,
        4
      ],
      "staged": [
        2,
        3,
        2,
        1,
        3,
        1,
        2,
        1,
        1,
        1,
        1,
        1,
        3,
        3,
        1
      ],
      "baseline_mean": 4,
      "baseline_std": 0.0,
      "baseline_min": 4,
      "baseline_max": 4,
      "staged_mean": 1.7333333333333334,
      "staged_std": 0.8537498983243799,
      "staged_min": 1,
      "staged_max": 3
    }
  ]
}